{
	"easycom": {
		"custom": {
			"^uni-(.*)": "@dcloudio/uni-ui/lib/uni-$1/uni-$1.vue",
			"^lk-(.*)": "/components/lk-$1/lk-$1.{vue,nvue}"
		}
	},
	"pages": [
		{
			"path": "pages/tab-bar/home/home",
			"style": {
				"navigationStyle": "custom"
			}
		},
		{
			"path": "pages/tab-bar/profile/profile",
			"style": {
				"navigationStyle": "custom"
			}
		},
		{
			"path": "pages/guide/guide",
			"style": {
				"navigationStyle": "custom"
			}
		}
	],
	"globalStyle": {
		"navigationBarTextStyle": "black",
		"navigationBarTitleText": "Akaiito",
		"navigationBarBackgroundColor": "#F8F8F8",
		"backgroundColor": "#F8F8F8"
	}
}
